{
  "MyReports": [
    {
      "id": 1,
      "name": "Bola Adel",
      "Report": "AI",
      "imgUrl": "https://media.istockphoto.com/id/174628030/photo/report.jpg?b=1&s=612x612&w=0&k=20&c=DBnpXAYYzNEwmA6AHnVYmmUymvROnD8y0QyOWUrN00E="
    },
    {
      "id": 2,
      "name": "Ahmde Samir",
      "Report": "AI",
      "imgUrl": "https://media.istockphoto.com/id/174628030/photo/report.jpg?b=1&s=612x612&w=0&k=20&c=DBnpXAYYzNEwmA6AHnVYmmUymvROnD8y0QyOWUrN00E="
    },
    {
      "id": 3,
      "name": "Ahmed Magdy",
      "Report": "AI",
      "imgUrl": "https://media.istockphoto.com/id/174628030/photo/report.jpg?b=1&s=612x612&w=0&k=20&c=DBnpXAYYzNEwmA6AHnVYmmUymvROnD8y0QyOWUrN00E="
    },
    {
      "id": 4,
      "name": "Eman Taha",
      "Report": "AI",
      "imgUrl": "https://media.istockphoto.com/id/174628030/photo/report.jpg?b=1&s=612x612&w=0&k=20&c=DBnpXAYYzNEwmA6AHnVYmmUymvROnD8y0QyOWUrN00E="
    }
  ]
}