{
    "signUp": [
      {
        "id": 1,
        "userName": "Bola Adel",
        "Password": "12345",
        "imgUrl": "https://media.istockphoto.com/id/174628030/photo/report.jpg?b=1&s=612x612&w=0&k=20&c=DBnpXAYYzNEwmA6AHnVYmmUymvROnD8y0QyOWUrN00E="
      },
      {
        "id": 2,
        "userName": "Ahmde Samir",
        "Password": "456789",
        "imgUrl": "https://media.istockphoto.com/id/174628030/photo/report.jpg?b=1&s=612x612&w=0&k=20&c=DBnpXAYYzNEwmA6AHnVYmmUymvROnD8y0QyOWUrN00E="
      }
    ]
  }